{
  "build": "he774522_1",
  "build_number": 1,
  "channel": "https://repo.anaconda.com/pkgs/main/win-64",
  "constrains": [],
  "depends": [
    "ca-certificates",
    "vc >=14.1,<15.0a0"
  ],
  "extracted_package_dir": "C:\\Users\\sulaiman\\Anaconda3\\pkgs\\openssl-1.1.1c-he774522_1",
  "features": "",
  "files": [
    "Library/bin/c_rehash.pl",
    "Library/bin/libcrypto-1_1-x64.dll",
    "Library/bin/libcrypto-1_1-x64.pdb",
    "Library/bin/libssl-1_1-x64.dll",
    "Library/bin/libssl-1_1-x64.pdb",
    "Library/bin/openssl.exe",
    "Library/bin/openssl.pdb",
    "Library/ct_log_list.cnf",
    "Library/ct_log_list.cnf.dist",
    "Library/include/openssl/__DECC_INCLUDE_EPILOGUE.H",
    "Library/include/openssl/__DECC_INCLUDE_PROLOGUE.H",
    "Library/include/openssl/aes.h",
    "Library/include/openssl/applink.c",
    "Library/include/openssl/asn1.h",
    "Library/include/openssl/asn1_mac.h",
    "Library/include/openssl/asn1err.h",
    "Library/include/openssl/asn1t.h",
    "Library/include/openssl/async.h",
    "Library/include/openssl/asyncerr.h",
    "Library/include/openssl/bio.h",
    "Library/include/openssl/bioerr.h",
    "Library/include/openssl/blowfish.h",
    "Library/include/openssl/bn.h",
    "Library/include/openssl/bnerr.h",
    "Library/include/openssl/buffer.h",
    "Library/include/openssl/buffererr.h",
    "Library/include/openssl/camellia.h",
    "Library/include/openssl/cast.h",
    "Library/include/openssl/cmac.h",
    "Library/include/openssl/cms.h",
    "Library/include/openssl/cmserr.h",
    "Library/include/openssl/comp.h",
    "Library/include/openssl/comperr.h",
    "Library/include/openssl/conf.h",
    "Library/include/openssl/conf_api.h",
    "Library/include/openssl/conferr.h",
    "Library/include/openssl/crypto.h",
    "Library/include/openssl/cryptoerr.h",
    "Library/include/openssl/ct.h",
    "Library/include/openssl/cterr.h",
    "Library/include/openssl/des.h",
    "Library/include/openssl/dh.h",
    "Library/include/openssl/dherr.h",
    "Library/include/openssl/dsa.h",
    "Library/include/openssl/dsaerr.h",
    "Library/include/openssl/dtls1.h",
    "Library/include/openssl/e_os2.h",
    "Library/include/openssl/ebcdic.h",
    "Library/include/openssl/ec.h",
    "Library/include/openssl/ecdh.h",
    "Library/include/openssl/ecdsa.h",
    "Library/include/openssl/ecerr.h",
    "Library/include/openssl/engine.h",
    "Library/include/openssl/engineerr.h",
    "Library/include/openssl/err.h",
    "Library/include/openssl/evp.h",
    "Library/include/openssl/evperr.h",
    "Library/include/openssl/hmac.h",
    "Library/include/openssl/idea.h",
    "Library/include/openssl/kdf.h",
    "Library/include/openssl/kdferr.h",
    "Library/include/openssl/lhash.h",
    "Library/include/openssl/md2.h",
    "Library/include/openssl/md4.h",
    "Library/include/openssl/md5.h",
    "Library/include/openssl/mdc2.h",
    "Library/include/openssl/modes.h",
    "Library/include/openssl/obj_mac.h",
    "Library/include/openssl/objects.h",
    "Library/include/openssl/objectserr.h",
    "Library/include/openssl/ocsp.h",
    "Library/include/openssl/ocsperr.h",
    "Library/include/openssl/opensslconf.h",
    "Library/include/openssl/opensslv.h",
    "Library/include/openssl/ossl_typ.h",
    "Library/include/openssl/pem.h",
    "Library/include/openssl/pem2.h",
    "Library/include/openssl/pemerr.h",
    "Library/include/openssl/pkcs12.h",
    "Library/include/openssl/pkcs12err.h",
    "Library/include/openssl/pkcs7.h",
    "Library/include/openssl/pkcs7err.h",
    "Library/include/openssl/rand.h",
    "Library/include/openssl/rand_drbg.h",
    "Library/include/openssl/randerr.h",
    "Library/include/openssl/rc2.h",
    "Library/include/openssl/rc4.h",
    "Library/include/openssl/rc5.h",
    "Library/include/openssl/ripemd.h",
    "Library/include/openssl/rsa.h",
    "Library/include/openssl/rsaerr.h",
    "Library/include/openssl/safestack.h",
    "Library/include/openssl/seed.h",
    "Library/include/openssl/sha.h",
    "Library/include/openssl/srp.h",
    "Library/include/openssl/srtp.h",
    "Library/include/openssl/ssl.h",
    "Library/include/openssl/ssl2.h",
    "Library/include/openssl/ssl3.h",
    "Library/include/openssl/sslerr.h",
    "Library/include/openssl/stack.h",
    "Library/include/openssl/store.h",
    "Library/include/openssl/storeerr.h",
    "Library/include/openssl/symhacks.h",
    "Library/include/openssl/tls1.h",
    "Library/include/openssl/ts.h",
    "Library/include/openssl/tserr.h",
    "Library/include/openssl/txt_db.h",
    "Library/include/openssl/ui.h",
    "Library/include/openssl/uierr.h",
    "Library/include/openssl/whrlpool.h",
    "Library/include/openssl/x509.h",
    "Library/include/openssl/x509_vfy.h",
    "Library/include/openssl/x509err.h",
    "Library/include/openssl/x509v3.h",
    "Library/include/openssl/x509v3err.h",
    "Library/lib/engines-1_1/capi.dll",
    "Library/lib/engines-1_1/capi.pdb",
    "Library/lib/engines-1_1/padlock.dll",
    "Library/lib/engines-1_1/padlock.pdb",
    "Library/lib/libcrypto.lib",
    "Library/lib/libssl.lib",
    "Library/misc/CA.pl",
    "Library/misc/tsget.pl",
    "Library/openssl.cnf",
    "Library/openssl.cnf.dist"
  ],
  "fn": "openssl-1.1.1c-he774522_1.tar.bz2",
  "license": "OpenSSL",
  "license_family": "Apache",
  "link": {
    "source": "C:\\Users\\sulaiman\\Anaconda3\\pkgs\\openssl-1.1.1c-he774522_1",
    "type": 1
  },
  "md5": "3cfeb411b7add6bc2e5c83d79f80deea",
  "name": "openssl",
  "package_tarball_full_path": "C:\\Users\\sulaiman\\Anaconda3\\pkgs\\openssl-1.1.1c-he774522_1.tar.bz2",
  "paths_data": {
    "paths": [
      {
        "_path": "Library/bin/c_rehash.pl",
        "file_mode": "text",
        "path_type": "hardlink",
        "prefix_placeholder": "C:\\\\ci\\\\openssl_1559152325868\\\\_h_env",
        "sha256": "b27621f26e03b7daf4422ad245a1d7a7b7db7db2767db6cc04aa6cde0f9e81d8",
        "sha256_in_prefix": "dacda6d1ea4d81925077503f3522c9f14ae21a84d578fece218e07887cea9c90",
        "size_in_bytes": 6538
      },
      {
        "_path": "Library/bin/libcrypto-1_1-x64.dll",
        "file_mode": "binary",
        "path_type": "hardlink",
        "prefix_placeholder": "C:\\ci\\openssl_1559152325868\\_h_env",
        "sha256": "0460b4c2ff070d6e301a5bd172bb696987fcf03a77e686ff973a54b83ca636cb",
        "sha256_in_prefix": "0460b4c2ff070d6e301a5bd172bb696987fcf03a77e686ff973a54b83ca636cb",
        "size_in_bytes": 3407360
      },
      {
        "_path": "Library/bin/libcrypto-1_1-x64.pdb",
        "file_mode": "binary",
        "path_type": "hardlink",
        "prefix_placeholder": "C:\\\\ci\\\\openssl_1559152325868\\\\_h_env",
        "sha256": "94b0c7af12af1347b76eaca495e26de558e44363fb578764d82bfa6ec248e783",
        "sha256_in_prefix": "94b0c7af12af1347b76eaca495e26de558e44363fb578764d82bfa6ec248e783",
        "size_in_bytes": 10088448
      },
      {
        "_path": "Library/bin/libssl-1_1-x64.dll",
        "path_type": "hardlink",
        "sha256": "9779f508d29c762380e34fd6ba20bbfeb134a7e0e3c74645fd19430cadc8941b",
        "sha256_in_prefix": "9779f508d29c762380e34fd6ba20bbfeb134a7e0e3c74645fd19430cadc8941b",
        "size_in_bytes": 681472
      },
      {
        "_path": "Library/bin/libssl-1_1-x64.pdb",
        "file_mode": "binary",
        "path_type": "hardlink",
        "prefix_placeholder": "C:\\\\ci\\\\openssl_1559152325868\\\\_h_env",
        "sha256": "15fc184138edbb63d1cbf69124bcc49452e3a01e4906308b7d0d0c811a597034",
        "sha256_in_prefix": "15fc184138edbb63d1cbf69124bcc49452e3a01e4906308b7d0d0c811a597034",
        "size_in_bytes": 2322432
      },
      {
        "_path": "Library/bin/openssl.exe",
        "path_type": "hardlink",
        "sha256": "4dc02d32d80a22d93197e2a61f86f2bde22ae9d2a3847db8f7ff79724f52a78b",
        "sha256_in_prefix": "4dc02d32d80a22d93197e2a61f86f2bde22ae9d2a3847db8f7ff79724f52a78b",
        "size_in_bytes": 542720
      },
      {
        "_path": "Library/bin/openssl.pdb",
        "file_mode": "binary",
        "path_type": "hardlink",
        "prefix_placeholder": "C:\\\\ci\\\\openssl_1559152325868\\\\_h_env",
        "sha256": "f1c418c95344a9f2ab16746e800eaa5578fe2237d86173d5c88155d03ffce9d5",
        "sha256_in_prefix": "f1c418c95344a9f2ab16746e800eaa5578fe2237d86173d5c88155d03ffce9d5",
        "size_in_bytes": 2527232
      },
      {
        "_path": "Library/ct_log_list.cnf",
        "path_type": "hardlink",
        "sha256": "f1c1803d13d1d0b755b13b23c28bd4e20e07baf9f2b744c9337ba5866aa0ec3b",
        "sha256_in_prefix": "f1c1803d13d1d0b755b13b23c28bd4e20e07baf9f2b744c9337ba5866aa0ec3b",
        "size_in_bytes": 412
      },
      {
        "_path": "Library/ct_log_list.cnf.dist",
        "path_type": "hardlink",
        "sha256": "f1c1803d13d1d0b755b13b23c28bd4e20e07baf9f2b744c9337ba5866aa0ec3b",
        "sha256_in_prefix": "f1c1803d13d1d0b755b13b23c28bd4e20e07baf9f2b744c9337ba5866aa0ec3b",
        "size_in_bytes": 412
      },
      {
        "_path": "Library/include/openssl/__DECC_INCLUDE_EPILOGUE.H",
        "path_type": "hardlink",
        "sha256": "53cb536a751a1a309e098aa662ed2f4b8e0dabe94a6274b9e513135179e6458a",
        "sha256_in_prefix": "53cb536a751a1a309e098aa662ed2f4b8e0dabe94a6274b9e513135179e6458a",
        "size_in_bytes": 556
      },
      {
        "_path": "Library/include/openssl/__DECC_INCLUDE_PROLOGUE.H",
        "path_type": "hardlink",
        "sha256": "021f571eef8cbe45c0cd6520aeb12499ac31154fee331955e5a505fbc3762570",
        "sha256_in_prefix": "021f571eef8cbe45c0cd6520aeb12499ac31154fee331955e5a505fbc3762570",
        "size_in_bytes": 627
      },
      {
        "_path": "Library/include/openssl/aes.h",
        "path_type": "hardlink",
        "sha256": "f6ba27e87d97ea578f01540a8f84b7eab05d42c178badce712d0cc668d8a9981",
        "sha256_in_prefix": "f6ba27e87d97ea578f01540a8f84b7eab05d42c178badce712d0cc668d8a9981",
        "size_in_bytes": 3349
      },
      {
        "_path": "Library/include/openssl/applink.c",
        "path_type": "hardlink",
        "sha256": "461a11e8c465d61de2357631e7e8367eca3da7f11ad744f490cb56a1ae80115d",
        "sha256_in_prefix": "461a11e8c465d61de2357631e7e8367eca3da7f11ad744f490cb56a1ae80115d",
        "size_in_bytes": 3508
      },
      {
        "_path": "Library/include/openssl/asn1.h",
        "path_type": "hardlink",
        "sha256": "851313b1176baa3d6896aaeeebef56216ebdd38dcdabb39b3eca36b6645352bc",
        "sha256_in_prefix": "851313b1176baa3d6896aaeeebef56216ebdd38dcdabb39b3eca36b6645352bc",
        "size_in_bytes": 33627
      },
      {
        "_path": "Library/include/openssl/asn1_mac.h",
        "path_type": "hardlink",
        "sha256": "db4883ed3aa74e07338001b31ec7e3e68546521c54bbdfe68c473b33f8511ca6",
        "sha256_in_prefix": "db4883ed3aa74e07338001b31ec7e3e68546521c54bbdfe68c473b33f8511ca6",
        "size_in_bytes": 395
      },
      {
        "_path": "Library/include/openssl/asn1err.h",
        "path_type": "hardlink",
        "sha256": "c83aaef2f4ec3c4210056c54bb170054ba49e870d0f3baaff3c930dbb0bdf34d",
        "sha256_in_prefix": "c83aaef2f4ec3c4210056c54bb170054ba49e870d0f3baaff3c930dbb0bdf34d",
        "size_in_bytes": 14531
      },
      {
        "_path": "Library/include/openssl/asn1t.h",
        "path_type": "hardlink",
        "sha256": "2702f569302248b8228e493177cf0a469f127f1ce5c76bc684bc90fbdfc45743",
        "sha256_in_prefix": "2702f569302248b8228e493177cf0a469f127f1ce5c76bc684bc90fbdfc45743",
        "size_in_bytes": 32940
      },
      {
        "_path": "Library/include/openssl/async.h",
        "path_type": "hardlink",
        "sha256": "ef96c716cac393f2cd6da304af029155ecd9f021869cd5a4c341ebdf249036bc",
        "sha256_in_prefix": "ef96c716cac393f2cd6da304af029155ecd9f021869cd5a4c341ebdf249036bc",
        "size_in_bytes": 2398
      },
      {
        "_path": "Library/include/openssl/asyncerr.h",
        "path_type": "hardlink",
        "sha256": "186fbe6ec7cf0b5e263b473f83cf88504435ae21eabc5a22a3077d4b29ae23ce",
        "sha256_in_prefix": "186fbe6ec7cf0b5e263b473f83cf88504435ae21eabc5a22a3077d4b29ae23ce",
        "size_in_bytes": 1258
      },
      {
        "_path": "Library/include/openssl/bio.h",
        "path_type": "hardlink",
        "sha256": "9ee7a73f001a49aa534a99f2b452e6d722a2dc63d4ea5eb62cbf500886ae3749",
        "sha256_in_prefix": "9ee7a73f001a49aa534a99f2b452e6d722a2dc63d4ea5eb62cbf500886ae3749",
        "size_in_bytes": 34931
      },
      {
        "_path": "Library/include/openssl/bioerr.h",
        "path_type": "hardlink",
        "sha256": "19a57dd37d1238f31b9d0b637ad614cbe5eeeea9d64e38d5e82a65e005a2ffc7",
        "sha256_in_prefix": "19a57dd37d1238f31b9d0b637ad614cbe5eeeea9d64e38d5e82a65e005a2ffc7",
        "size_in_bytes": 6332
      },
      {
        "_path": "Library/include/openssl/blowfish.h",
        "path_type": "hardlink",
        "sha256": "813b2c7cff888b5b709b90d4da584afef59b5ce1ea888617d682f1af48578faf",
        "sha256_in_prefix": "813b2c7cff888b5b709b90d4da584afef59b5ce1ea888617d682f1af48578faf",
        "size_in_bytes": 1847
      },
      {
        "_path": "Library/include/openssl/bn.h",
        "path_type": "hardlink",
        "sha256": "26debed6ffafebc0b172cdc67365f9519329b657875c7c617f60a83ace3fa21c",
        "sha256_in_prefix": "26debed6ffafebc0b172cdc67365f9519329b657875c7c617f60a83ace3fa21c",
        "size_in_bytes": 22135
      },
      {
        "_path": "Library/include/openssl/bnerr.h",
        "path_type": "hardlink",
        "sha256": "f2ad6a424a959417c4c7917ad2e94f74c1124790927e33e357f0dae27129a04b",
        "sha256_in_prefix": "f2ad6a424a959417c4c7917ad2e94f74c1124790927e33e357f0dae27129a04b",
        "size_in_bytes": 4839
      },
      {
        "_path": "Library/include/openssl/buffer.h",
        "path_type": "hardlink",
        "sha256": "a4fa292b903cb8c2ce1761ba4980cf5bdfb66dcadcbb5c8aecc45b012bc64c23",
        "sha256_in_prefix": "a4fa292b903cb8c2ce1761ba4980cf5bdfb66dcadcbb5c8aecc45b012bc64c23",
        "size_in_bytes": 1600
      },
      {
        "_path": "Library/include/openssl/buffererr.h",
        "path_type": "hardlink",
        "sha256": "29215dc7f1460bdf9fffbb0a7e92e5789f2cecdf4d4a5a3866b2d1d6de7195e5",
        "sha256_in_prefix": "29215dc7f1460bdf9fffbb0a7e92e5789f2cecdf4d4a5a3866b2d1d6de7195e5",
        "size_in_bytes": 752
      },
      {
        "_path": "Library/include/openssl/camellia.h",
        "path_type": "hardlink",
        "sha256": "561bdb2e985458e809e656c60e4bc83e1d6707746dd8b5badbc10b64198d4770",
        "sha256_in_prefix": "561bdb2e985458e809e656c60e4bc83e1d6707746dd8b5badbc10b64198d4770",
        "size_in_bytes": 3179
      },
      {
        "_path": "Library/include/openssl/cast.h",
        "path_type": "hardlink",
        "sha256": "a14c51a129b3ae5795dafd98065be0bb0cbf00b4d4528e85adbf629966f42f53",
        "sha256_in_prefix": "a14c51a129b3ae5795dafd98065be0bb0cbf00b4d4528e85adbf629966f42f53",
        "size_in_bytes": 1674
      },
      {
        "_path": "Library/include/openssl/cmac.h",
        "path_type": "hardlink",
        "sha256": "75bf95d1da118ff1e2f143ccb7a564d949de440097b97a49725c03976e167b52",
        "sha256_in_prefix": "75bf95d1da118ff1e2f143ccb7a564d949de440097b97a49725c03976e167b52",
        "size_in_bytes": 1064
      },
      {
        "_path": "Library/include/openssl/cms.h",
        "path_type": "hardlink",
        "sha256": "c01780a053f4edf0ad68323887dad067e9b19f21da9a0eeb13024d39ec0312ad",
        "sha256_in_prefix": "c01780a053f4edf0ad68323887dad067e9b19f21da9a0eeb13024d39ec0312ad",
        "size_in_bytes": 16412
      },
      {
        "_path": "Library/include/openssl/cmserr.h",
        "path_type": "hardlink",
        "sha256": "a40217c5d3aaaf826f887a2b16b93ae796348ff1869c25d37ffd190fa1a5e499",
        "sha256_in_prefix": "a40217c5d3aaaf826f887a2b16b93ae796348ff1869c25d37ffd190fa1a5e499",
        "size_in_bytes": 10966
      },
      {
        "_path": "Library/include/openssl/comp.h",
        "path_type": "hardlink",
        "sha256": "98a877c62723e6042e4e4740cd1a6e7799df752d9234386d73a28a098e6eb31c",
        "sha256_in_prefix": "98a877c62723e6042e4e4740cd1a6e7799df752d9234386d73a28a098e6eb31c",
        "size_in_bytes": 1328
      },
      {
        "_path": "Library/include/openssl/comperr.h",
        "path_type": "hardlink",
        "sha256": "15ed44d40d229f9697a6e4a64e1336ce054a58032575f4a057ba597ac033442d",
        "sha256_in_prefix": "15ed44d40d229f9697a6e4a64e1336ce054a58032575f4a057ba597ac033442d",
        "size_in_bytes": 1144
      },
      {
        "_path": "Library/include/openssl/conf.h",
        "path_type": "hardlink",
        "sha256": "e54341e30523dadc09d821366f5afb13c9286d540b34c1945406918ed588fa21",
        "sha256_in_prefix": "e54341e30523dadc09d821366f5afb13c9286d540b34c1945406918ed588fa21",
        "size_in_bytes": 5601
      },
      {
        "_path": "Library/include/openssl/conf_api.h",
        "path_type": "hardlink",
        "sha256": "175f86b69b58b0cd1da6c9b27d87ab4e4ed52f37dc76b7895c210c43469504eb",
        "sha256_in_prefix": "175f86b69b58b0cd1da6c9b27d87ab4e4ed52f37dc76b7895c210c43469504eb",
        "size_in_bytes": 1300
      },
      {
        "_path": "Library/include/openssl/conferr.h",
        "path_type": "hardlink",
        "sha256": "fedfe697452006de10f83284a6e6e3ab9a46ae50161adf95f8b250410947dada",
        "sha256_in_prefix": "fedfe697452006de10f83284a6e6e3ab9a46ae50161adf95f8b250410947dada",
        "size_in_bytes": 3361
      },
      {
        "_path": "Library/include/openssl/crypto.h",
        "path_type": "hardlink",
        "sha256": "d2cd84e695e68051fe67fa7cf901ccba4fadccc71a6b30090df20a01b91d3ec7",
        "sha256_in_prefix": "d2cd84e695e68051fe67fa7cf901ccba4fadccc71a6b30090df20a01b91d3ec7",
        "size_in_bytes": 17239
      },
      {
        "_path": "Library/include/openssl/cryptoerr.h",
        "path_type": "hardlink",
        "sha256": "a1c1f15e5c7c8a6ed5553f1d614b9f08f6d8f19f3633a96779e418c6b0f0aeb8",
        "sha256_in_prefix": "a1c1f15e5c7c8a6ed5553f1d614b9f08f6d8f19f3633a96779e418c6b0f0aeb8",
        "size_in_bytes": 2226
      },
      {
        "_path": "Library/include/openssl/ct.h",
        "path_type": "hardlink",
        "sha256": "2e41f18e4d8a9a1530cb1efb233c230df605f3b8db831034933dfdf7ed449e85",
        "sha256_in_prefix": "2e41f18e4d8a9a1530cb1efb233c230df605f3b8db831034933dfdf7ed449e85",
        "size_in_bytes": 15990
      },
      {
        "_path": "Library/include/openssl/cterr.h",
        "path_type": "hardlink",
        "sha256": "c6eead192056f631456dcf6656c318211980bf0459e3561c218fa41af4e60bd1",
        "sha256_in_prefix": "c6eead192056f631456dcf6656c318211980bf0459e3561c218fa41af4e60bd1",
        "size_in_bytes": 3402
      },
      {
        "_path": "Library/include/openssl/des.h",
        "path_type": "hardlink",
        "sha256": "3cb68fbb498e34e19e46f9d41561596ab69ccf78b1d8bdf2f312e892c060015f",
        "sha256_in_prefix": "3cb68fbb498e34e19e46f9d41561596ab69ccf78b1d8bdf2f312e892c060015f",
        "size_in_bytes": 7627
      },
      {
        "_path": "Library/include/openssl/dh.h",
        "path_type": "hardlink",
        "sha256": "f56e0c29c124017c815c6f3d0c2413e03c81cadae2e84c2c325fc2c6719fd559",
        "sha256_in_prefix": "f56e0c29c124017c815c6f3d0c2413e03c81cadae2e84c2c325fc2c6719fd559",
        "size_in_bytes": 13403
      },
      {
        "_path": "Library/include/openssl/dherr.h",
        "path_type": "hardlink",
        "sha256": "31796fb6ae8fb7acbb273f995256a70c84e4fce6a8ba59fe022643fabc7efb22",
        "sha256_in_prefix": "31796fb6ae8fb7acbb273f995256a70c84e4fce6a8ba59fe022643fabc7efb22",
        "size_in_bytes": 3906
      },
      {
        "_path": "Library/include/openssl/dsa.h",
        "path_type": "hardlink",
        "sha256": "1911b1660324afd38190d1fdabce1b6350f2ca87d7fe40d45819f4b29797e7e5",
        "sha256_in_prefix": "1911b1660324afd38190d1fdabce1b6350f2ca87d7fe40d45819f4b29797e7e5",
        "size_in_bytes": 9640
      },
      {
        "_path": "Library/include/openssl/dsaerr.h",
        "path_type": "hardlink",
        "sha256": "43e2e310d56580ffde0d8961dea50f7cad8dbba8298af3d75b0d8977d4e57381",
        "sha256_in_prefix": "43e2e310d56580ffde0d8961dea50f7cad8dbba8298af3d75b0d8977d4e57381",
        "size_in_bytes": 2841
      },
      {
        "_path": "Library/include/openssl/dtls1.h",
        "path_type": "hardlink",
        "sha256": "ebd2fcf402545284c2902927b4ef6c58e4769b3da687fcdfafcf0c8ba273c3ad",
        "sha256_in_prefix": "ebd2fcf402545284c2902927b4ef6c58e4769b3da687fcdfafcf0c8ba273c3ad",
        "size_in_bytes": 1623
      },
      {
        "_path": "Library/include/openssl/e_os2.h",
        "path_type": "hardlink",
        "sha256": "a45fa12deb568f28d4d1547ac699abe874da136dd7330702714c7dd60fc5d3b7",
        "sha256_in_prefix": "a45fa12deb568f28d4d1547ac699abe874da136dd7330702714c7dd60fc5d3b7",
        "size_in_bytes": 8888
      },
      {
        "_path": "Library/include/openssl/ebcdic.h",
        "path_type": "hardlink",
        "sha256": "2289f14f11e75ac739d1123651d16e841f3c74e36daa483c1fed9f8c5c144720",
        "sha256_in_prefix": "2289f14f11e75ac739d1123651d16e841f3c74e36daa483c1fed9f8c5c144720",
        "size_in_bytes": 924
      },
      {
        "_path": "Library/include/openssl/ec.h",
        "path_type": "hardlink",
        "sha256": "967fc55eee6e6e7a11b0d9971b87cd3c11b765322672f3bef2eab56fd7fa9f40",
        "sha256_in_prefix": "967fc55eee6e6e7a11b0d9971b87cd3c11b765322672f3bef2eab56fd7fa9f40",
        "size_in_bytes": 63561
      },
      {
        "_path": "Library/include/openssl/ecdh.h",
        "path_type": "hardlink",
        "sha256": "95fb89add3bd32b6d43dcf1a51d1839b915e774d7138afaf618e690efbf414bb",
        "sha256_in_prefix": "95fb89add3bd32b6d43dcf1a51d1839b915e774d7138afaf618e690efbf414bb",
        "size_in_bytes": 358
      },
      {
        "_path": "Library/include/openssl/ecdsa.h",
        "path_type": "hardlink",
        "sha256": "95fb89add3bd32b6d43dcf1a51d1839b915e774d7138afaf618e690efbf414bb",
        "sha256_in_prefix": "95fb89add3bd32b6d43dcf1a51d1839b915e774d7138afaf618e690efbf414bb",
        "size_in_bytes": 358
      },
      {
        "_path": "Library/include/openssl/ecerr.h",
        "path_type": "hardlink",
        "sha256": "08ad829d7579c40d14372de9df622b5d04806be0ac12228e0361945249e083cc",
        "sha256_in_prefix": "08ad829d7579c40d14372de9df622b5d04806be0ac12228e0361945249e083cc",
        "size_in_bytes": 15690
      },
      {
        "_path": "Library/include/openssl/engine.h",
        "path_type": "hardlink",
        "sha256": "0db45763a43c17d78a4a0b3fda207ac0be4781ebdde45f04fd4b07a5ced46086",
        "sha256_in_prefix": "0db45763a43c17d78a4a0b3fda207ac0be4781ebdde45f04fd4b07a5ced46086",
        "size_in_bytes": 34661
      },
      {
        "_path": "Library/include/openssl/engineerr.h",
        "path_type": "hardlink",
        "sha256": "008ac8cf604ea532a458f43794fa3d4aeeb73794b23cec9ce794da07b4d2200f",
        "sha256_in_prefix": "008ac8cf604ea532a458f43794fa3d4aeeb73794b23cec9ce794da07b4d2200f",
        "size_in_bytes": 5379
      },
      {
        "_path": "Library/include/openssl/err.h",
        "path_type": "hardlink",
        "sha256": "1447263f0a840e8135c586e16c3d858cee939deddf4fd905e391869809b4daa2",
        "sha256_in_prefix": "1447263f0a840e8135c586e16c3d858cee939deddf4fd905e391869809b4daa2",
        "size_in_bytes": 11269
      },
      {
        "_path": "Library/include/openssl/evp.h",
        "path_type": "hardlink",
        "sha256": "3a4f80c1863aee61e5ab48afc3ed020acff7604894826b64434fded9582074ba",
        "sha256_in_prefix": "3a4f80c1863aee61e5ab48afc3ed020acff7604894826b64434fded9582074ba",
        "size_in_bytes": 74935
      },
      {
        "_path": "Library/include/openssl/evperr.h",
        "path_type": "hardlink",
        "sha256": "54d6f699d4c6f8fabec78e3dbe1e4b9d46cd8d43e308ca2453a82e0ded5df3fe",
        "sha256_in_prefix": "54d6f699d4c6f8fabec78e3dbe1e4b9d46cd8d43e308ca2453a82e0ded5df3fe",
        "size_in_bytes": 10925
      },
      {
        "_path": "Library/include/openssl/hmac.h",
        "path_type": "hardlink",
        "sha256": "76386c2273f105f54c5749f2fc854573c371ab185f9248ce295a748e126caae8",
        "sha256_in_prefix": "76386c2273f105f54c5749f2fc854573c371ab185f9248ce295a748e126caae8",
        "size_in_bytes": 1591
      },
      {
        "_path": "Library/include/openssl/idea.h",
        "path_type": "hardlink",
        "sha256": "bab682c5cc06027c82d126ed8e65d7dd9dcc75fa464ccbc95d7f168bd69c732d",
        "sha256_in_prefix": "bab682c5cc06027c82d126ed8e65d7dd9dcc75fa464ccbc95d7f168bd69c732d",
        "size_in_bytes": 2099
      },
      {
        "_path": "Library/include/openssl/kdf.h",
        "path_type": "hardlink",
        "sha256": "aaafd4a962ba9b9f2a2462076c7f7b4991d9d87e7bef71d87e9308125e0e29c0",
        "sha256_in_prefix": "aaafd4a962ba9b9f2a2462076c7f7b4991d9d87e7bef71d87e9308125e0e29c0",
        "size_in_bytes": 4326
      },
      {
        "_path": "Library/include/openssl/kdferr.h",
        "path_type": "hardlink",
        "sha256": "65bd91f8a095225da8a23d19bdebb4991eb0f5474670e6eafd8321240125ae19",
        "sha256_in_prefix": "65bd91f8a095225da8a23d19bdebb4991eb0f5474670e6eafd8321240125ae19",
        "size_in_bytes": 2054
      },
      {
        "_path": "Library/include/openssl/lhash.h",
        "path_type": "hardlink",
        "sha256": "94ae0dbd05701ac1de23d102038c5baae45a58da0c850fbbb5ae41ad69b2b6ac",
        "sha256_in_prefix": "94ae0dbd05701ac1de23d102038c5baae45a58da0c850fbbb5ae41ad69b2b6ac",
        "size_in_bytes": 9227
      },
      {
        "_path": "Library/include/openssl/md2.h",
        "path_type": "hardlink",
        "sha256": "9e28f0a8d5e2297649af298f5e3209d32fe9486edb1793cc698a757c91270662",
        "sha256_in_prefix": "9e28f0a8d5e2297649af298f5e3209d32fe9486edb1793cc698a757c91270662",
        "size_in_bytes": 1054
      },
      {
        "_path": "Library/include/openssl/md4.h",
        "path_type": "hardlink",
        "sha256": "03d3fc9dceec6c168d219eb9f404ca08b478d5521622834bc24b7d45945702e4",
        "sha256_in_prefix": "03d3fc9dceec6c168d219eb9f404ca08b478d5521622834bc24b7d45945702e4",
        "size_in_bytes": 1322
      },
      {
        "_path": "Library/include/openssl/md5.h",
        "path_type": "hardlink",
        "sha256": "a0612a8f7e69e3bc166fc186ca44be1e5b1d020b5da8b5be021f73d48c270b82",
        "sha256_in_prefix": "a0612a8f7e69e3bc166fc186ca44be1e5b1d020b5da8b5be021f73d48c270b82",
        "size_in_bytes": 1320
      },
      {
        "_path": "Library/include/openssl/mdc2.h",
        "path_type": "hardlink",
        "sha256": "f13b01ec09c45c2634673d1b9b1a79adbd6ec32bdff94287308e2bb27408e537",
        "sha256_in_prefix": "f13b01ec09c45c2634673d1b9b1a79adbd6ec32bdff94287308e2bb27408e537",
        "size_in_bytes": 1053
      },
      {
        "_path": "Library/include/openssl/modes.h",
        "path_type": "hardlink",
        "sha256": "f4e527987e296a26fc1c06f4f896baa5f457b7e67f94957d176eed469b0fe602",
        "sha256_in_prefix": "f4e527987e296a26fc1c06f4f896baa5f457b7e67f94957d176eed469b0fe602",
        "size_in_bytes": 10478
      },
      {
        "_path": "Library/include/openssl/obj_mac.h",
        "path_type": "hardlink",
        "sha256": "60e04fed20de53964cd5c7588b4224663b8a5f544d6152d0ad07698b65f4c3b1",
        "sha256_in_prefix": "60e04fed20de53964cd5c7588b4224663b8a5f544d6152d0ad07698b65f4c3b1",
        "size_in_bytes": 217526
      },
      {
        "_path": "Library/include/openssl/objects.h",
        "path_type": "hardlink",
        "sha256": "4018d7c54e6f19c3230af063f4dbc8523f1450528a4af15a97a0a1ff3fb3ba38",
        "sha256_in_prefix": "4018d7c54e6f19c3230af063f4dbc8523f1450528a4af15a97a0a1ff3fb3ba38",
        "size_in_bytes": 6633
      },
      {
        "_path": "Library/include/openssl/objectserr.h",
        "path_type": "hardlink",
        "sha256": "caf33a01fb0d3349b5656daf4b1c04e371e731cd3046404753a9ec93519831b6",
        "sha256_in_prefix": "caf33a01fb0d3349b5656daf4b1c04e371e731cd3046404753a9ec93519831b6",
        "size_in_bytes": 1248
      },
      {
        "_path": "Library/include/openssl/ocsp.h",
        "path_type": "hardlink",
        "sha256": "b519038eea62e440fc30d9afbf3fe99d66ba4dd81dd763594e245e1c2d548de7",
        "sha256_in_prefix": "b519038eea62e440fc30d9afbf3fe99d66ba4dd81dd763594e245e1c2d548de7",
        "size_in_bytes": 15304
      },
      {
        "_path": "Library/include/openssl/ocsperr.h",
        "path_type": "hardlink",
        "sha256": "d4e15d2e4e9d7b5d2630f9647b642ebfd37797daa72f69a28144170ca550e413",
        "sha256_in_prefix": "d4e15d2e4e9d7b5d2630f9647b642ebfd37797daa72f69a28144170ca550e413",
        "size_in_bytes": 3288
      },
      {
        "_path": "Library/include/openssl/opensslconf.h",
        "path_type": "hardlink",
        "sha256": "398d670b96b36499744b42fa3e256883c8c9184195e5c2bae420d6aed38c7d0d",
        "sha256_in_prefix": "398d670b96b36499744b42fa3e256883c8c9184195e5c2bae420d6aed38c7d0d",
        "size_in_bytes": 4829
      },
      {
        "_path": "Library/include/openssl/opensslv.h",
        "path_type": "hardlink",
        "sha256": "6900bbd24e027ac0a39de503c0a5cfe11e9dcb67a109a6a0685aa9ab432ddebc",
        "sha256_in_prefix": "6900bbd24e027ac0a39de503c0a5cfe11e9dcb67a109a6a0685aa9ab432ddebc",
        "size_in_bytes": 4102
      },
      {
        "_path": "Library/include/openssl/ossl_typ.h",
        "path_type": "hardlink",
        "sha256": "3ee7937eff013616225d4d184e03f884fd9a9d1405abc1f3b5b8aa6b8fb016ab",
        "sha256_in_prefix": "3ee7937eff013616225d4d184e03f884fd9a9d1405abc1f3b5b8aa6b8fb016ab",
        "size_in_bytes": 6217
      },
      {
        "_path": "Library/include/openssl/pem.h",
        "path_type": "hardlink",
        "sha256": "32d62036d0c35d03fe7f7ddaaffe3caeafcf984ec16e4db7ed19d3e202e9d7ba",
        "sha256_in_prefix": "32d62036d0c35d03fe7f7ddaaffe3caeafcf984ec16e4db7ed19d3e202e9d7ba",
        "size_in_bytes": 15468
      },
      {
        "_path": "Library/include/openssl/pem2.h",
        "path_type": "hardlink",
        "sha256": "6833ee5712125d1ce8f7b52437a752e40c2f4793276859a8228c0de71d35c3e0",
        "sha256_in_prefix": "6833ee5712125d1ce8f7b52437a752e40c2f4793276859a8228c0de71d35c3e0",
        "size_in_bytes": 415
      },
      {
        "_path": "Library/include/openssl/pemerr.h",
        "path_type": "hardlink",
        "sha256": "7775492030ecb010fc78ab8c2de5ea259b477d8b4c9cbb4064e338cbd87711d6",
        "sha256_in_prefix": "7775492030ecb010fc78ab8c2de5ea259b477d8b4c9cbb4064e338cbd87711d6",
        "size_in_bytes": 5030
      },
      {
        "_path": "Library/include/openssl/pkcs12.h",
        "path_type": "hardlink",
        "sha256": "97c129c6c9a493d7e5d3af123d96040d87c4e54fc5e41aec450832cb32a634d6",
        "sha256_in_prefix": "97c129c6c9a493d7e5d3af123d96040d87c4e54fc5e41aec450832cb32a634d6",
        "size_in_bytes": 9871
      },
      {
        "_path": "Library/include/openssl/pkcs12err.h",
        "path_type": "hardlink",
        "sha256": "c4036223deff00e7a3ccb182eacb773ee3766f609d9223eb42d0ffb7b377c3cc",
        "sha256_in_prefix": "c4036223deff00e7a3ccb182eacb773ee3766f609d9223eb42d0ffb7b377c3cc",
        "size_in_bytes": 3681
      },
      {
        "_path": "Library/include/openssl/pkcs7.h",
        "path_type": "hardlink",
        "sha256": "cdc3505c9bb9168a6fad434dd9d9a49ad630b9ae9216bd665b11051e04a709bc",
        "sha256_in_prefix": "cdc3505c9bb9168a6fad434dd9d9a49ad630b9ae9216bd665b11051e04a709bc",
        "size_in_bytes": 11590
      },
      {
        "_path": "Library/include/openssl/pkcs7err.h",
        "path_type": "hardlink",
        "sha256": "abbafe9fe1d95a4ffc1569f9881799ef71bb1b0c4416ef016e3a4ee3be794647",
        "sha256_in_prefix": "abbafe9fe1d95a4ffc1569f9881799ef71bb1b0c4416ef016e3a4ee3be794647",
        "size_in_bytes": 5042
      },
      {
        "_path": "Library/include/openssl/rand.h",
        "path_type": "hardlink",
        "sha256": "5a91abcbdd14dcf2fc62761ccc58ee9407274ea558c292fa77ad625204ac2bd7",
        "sha256_in_prefix": "5a91abcbdd14dcf2fc62761ccc58ee9407274ea558c292fa77ad625204ac2bd7",
        "size_in_bytes": 2213
      },
      {
        "_path": "Library/include/openssl/rand_drbg.h",
        "path_type": "hardlink",
        "sha256": "12379cc0a7f168cbff8e08828da72dc0e87773bc6c3bd14c4b57506339b61fa5",
        "sha256_in_prefix": "12379cc0a7f168cbff8e08828da72dc0e87773bc6c3bd14c4b57506339b61fa5",
        "size_in_bytes": 4763
      },
      {
        "_path": "Library/include/openssl/randerr.h",
        "path_type": "hardlink",
        "sha256": "ff36c1da1f221d9ee6fb93505f4b90b18e92059a5a01dba184c4f56a989b4171",
        "sha256_in_prefix": "ff36c1da1f221d9ee6fb93505f4b90b18e92059a5a01dba184c4f56a989b4171",
        "size_in_bytes": 4415
      },
      {
        "_path": "Library/include/openssl/rc2.h",
        "path_type": "hardlink",
        "sha256": "ec2b9196898bbc45ff2ab00204f93a6f20c974225510f29097ad69a6eeebcdfe",
        "sha256_in_prefix": "ec2b9196898bbc45ff2ab00204f93a6f20c974225510f29097ad69a6eeebcdfe",
        "size_in_bytes": 1534
      },
      {
        "_path": "Library/include/openssl/rc4.h",
        "path_type": "hardlink",
        "sha256": "6fc023442f524349685d13d50854ad773b12b8c7a153d72d615ab27dd4a3d609",
        "sha256_in_prefix": "6fc023442f524349685d13d50854ad773b12b8c7a153d72d615ab27dd4a3d609",
        "size_in_bytes": 825
      },
      {
        "_path": "Library/include/openssl/rc5.h",
        "path_type": "hardlink",
        "sha256": "c238954a1df23f52362d6e5fa78df2c7a5a2ad6ef9536e489f0a23295efa0cab",
        "sha256_in_prefix": "c238954a1df23f52362d6e5fa78df2c7a5a2ad6ef9536e489f0a23295efa0cab",
        "size_in_bytes": 1988
      },
      {
        "_path": "Library/include/openssl/ripemd.h",
        "path_type": "hardlink",
        "sha256": "8c74b93c10a9e83abc17ced3a8021af7506f39a0fadab07b5db2d4faebcf68b6",
        "sha256_in_prefix": "8c74b93c10a9e83abc17ced3a8021af7506f39a0fadab07b5db2d4faebcf68b6",
        "size_in_bytes": 1243
      },
      {
        "_path": "Library/include/openssl/rsa.h",
        "path_type": "hardlink",
        "sha256": "871e62a52763f4fae6f915069b6ec721ccfa697e8d03019afee1e3ac3907bb29",
        "sha256_in_prefix": "871e62a52763f4fae6f915069b6ec721ccfa697e8d03019afee1e3ac3907bb29",
        "size_in_bytes": 22168
      },
      {
        "_path": "Library/include/openssl/rsaerr.h",
        "path_type": "hardlink",
        "sha256": "2c859263a77f475545438658e2d6bd72dbd28345d371029660470ded3c7ed7db",
        "sha256_in_prefix": "2c859263a77f475545438658e2d6bd72dbd28345d371029660470ded3c7ed7db",
        "size_in_bytes": 8945
      },
      {
        "_path": "Library/include/openssl/safestack.h",
        "path_type": "hardlink",
        "sha256": "57665dabb37f4f0bd853539d93c64cb8adf37fd9552dc9fad215cc8f47a991c4",
        "sha256_in_prefix": "57665dabb37f4f0bd853539d93c64cb8adf37fd9552dc9fad215cc8f47a991c4",
        "size_in_bytes": 8139
      },
      {
        "_path": "Library/include/openssl/seed.h",
        "path_type": "hardlink",
        "sha256": "6bf2373dfb10dc5cbc626cf2fe86b9b1c82373d799bdd6be13eedaf7d4540d55",
        "sha256_in_prefix": "6bf2373dfb10dc5cbc626cf2fe86b9b1c82373d799bdd6be13eedaf7d4540d55",
        "size_in_bytes": 3479
      },
      {
        "_path": "Library/include/openssl/sha.h",
        "path_type": "hardlink",
        "sha256": "0bb6745481ac56b67f450d09033e813bf8f6a5f2025e90d5eb539eab1ad5e323",
        "sha256_in_prefix": "0bb6745481ac56b67f450d09033e813bf8f6a5f2025e90d5eb539eab1ad5e323",
        "size_in_bytes": 3831
      },
      {
        "_path": "Library/include/openssl/srp.h",
        "path_type": "hardlink",
        "sha256": "82a08bf9a866dec1b7deb66b4077690cee0f6caf91eb00136c5eed4e8d943d06",
        "sha256_in_prefix": "82a08bf9a866dec1b7deb66b4077690cee0f6caf91eb00136c5eed4e8d943d06",
        "size_in_bytes": 3827
      },
      {
        "_path": "Library/include/openssl/srtp.h",
        "path_type": "hardlink",
        "sha256": "e50e2dd5df6a0db219091cd1c6768a6d319ef6485b16e1f361fce43067847626",
        "sha256_in_prefix": "e50e2dd5df6a0db219091cd1c6768a6d319ef6485b16e1f361fce43067847626",
        "size_in_bytes": 1316
      },
      {
        "_path": "Library/include/openssl/ssl.h",
        "path_type": "hardlink",
        "sha256": "225ea9a4bd6dcfb04f709b70dab630954720b133ef1b96e170dfb8b50a5f870a",
        "sha256_in_prefix": "225ea9a4bd6dcfb04f709b70dab630954720b133ef1b96e170dfb8b50a5f870a",
        "size_in_bytes": 111295
      },
      {
        "_path": "Library/include/openssl/ssl2.h",
        "path_type": "hardlink",
        "sha256": "7fb557a32488ad44a25420abff8279abd0bd1f4ab768e73d3e1d5c2dab36c0c5",
        "sha256_in_prefix": "7fb557a32488ad44a25420abff8279abd0bd1f4ab768e73d3e1d5c2dab36c0c5",
        "size_in_bytes": 542
      },
      {
        "_path": "Library/include/openssl/ssl3.h",
        "path_type": "hardlink",
        "sha256": "7529d794162e6e35bc72048ba2a6676f71711fd20f18fab175d0a421203d0f39",
        "sha256_in_prefix": "7529d794162e6e35bc72048ba2a6676f71711fd20f18fab175d0a421203d0f39",
        "size_in_bytes": 14576
      },
      {
        "_path": "Library/include/openssl/sslerr.h",
        "path_type": "hardlink",
        "sha256": "c8e359cc59ae2ca20c0ba4c03c3e1019f542d2f53f14266c0ee955af359b0d91",
        "sha256_in_prefix": "c8e359cc59ae2ca20c0ba4c03c3e1019f542d2f53f14266c0ee955af359b0d91",
        "size_in_bytes": 46546
      },
      {
        "_path": "Library/include/openssl/stack.h",
        "path_type": "hardlink",
        "sha256": "45ba803bbe14007e494bb24b2ca954f6362ef700a10480efa3d2f3acb159deec",
        "sha256_in_prefix": "45ba803bbe14007e494bb24b2ca954f6362ef700a10480efa3d2f3acb159deec",
        "size_in_bytes": 3095
      },
      {
        "_path": "Library/include/openssl/store.h",
        "path_type": "hardlink",
        "sha256": "459a5ce5898a66e4abd438dad6c6ec89a51bb1072614d03fc7207fbec5269e46",
        "sha256_in_prefix": "459a5ce5898a66e4abd438dad6c6ec89a51bb1072614d03fc7207fbec5269e46",
        "size_in_bytes": 11197
      },
      {
        "_path": "Library/include/openssl/storeerr.h",
        "path_type": "hardlink",
        "sha256": "96a1706331f59c1f03b57d4a90c00eae24a16a1fa1e333b05426b354265578b3",
        "sha256_in_prefix": "96a1706331f59c1f03b57d4a90c00eae24a16a1fa1e333b05426b354265578b3",
        "size_in_bytes": 4331
      },
      {
        "_path": "Library/include/openssl/symhacks.h",
        "path_type": "hardlink",
        "sha256": "0c9e026a5932a2432e3cdf7defb789610c4272010e51e5ff0471809eabb7aa2d",
        "sha256_in_prefix": "0c9e026a5932a2432e3cdf7defb789610c4272010e51e5ff0471809eabb7aa2d",
        "size_in_bytes": 1311
      },
      {
        "_path": "Library/include/openssl/tls1.h",
        "path_type": "hardlink",
        "sha256": "8ad5b9f183efc7206378143580b334b381476f4a2d59f9c85483d5293b4d1ab0",
        "sha256_in_prefix": "8ad5b9f183efc7206378143580b334b381476f4a2d59f9c85483d5293b4d1ab0",
        "size_in_bytes": 72490
      },
      {
        "_path": "Library/include/openssl/ts.h",
        "path_type": "hardlink",
        "sha256": "9bd039ebce7bf6b6e71fc9667e44e017fc0cb7c79c023be1c965894e61b79238",
        "sha256_in_prefix": "9bd039ebce7bf6b6e71fc9667e44e017fc0cb7c79c023be1c965894e61b79238",
        "size_in_bytes": 22429
      },
      {
        "_path": "Library/include/openssl/tserr.h",
        "path_type": "hardlink",
        "sha256": "bef4b32004b6b13b9cea7b7719bcee26a9ca128dec935e54f2ee7cdefa9ecc79",
        "sha256_in_prefix": "bef4b32004b6b13b9cea7b7719bcee26a9ca128dec935e54f2ee7cdefa9ecc79",
        "size_in_bytes": 6678
      },
      {
        "_path": "Library/include/openssl/txt_db.h",
        "path_type": "hardlink",
        "sha256": "903696bd5b9908530f8a8578fef47721f47f3fe8507bac7761473e925e942159",
        "sha256_in_prefix": "903696bd5b9908530f8a8578fef47721f47f3fe8507bac7761473e925e942159",
        "size_in_bytes": 1666
      },
      {
        "_path": "Library/include/openssl/ui.h",
        "path_type": "hardlink",
        "sha256": "f5ea3f5d2e7beb3e81db8c23c6e618e38e511c213fd93a11ef51b9ae4ad03619",
        "sha256_in_prefix": "f5ea3f5d2e7beb3e81db8c23c6e618e38e511c213fd93a11ef51b9ae4ad03619",
        "size_in_bytes": 16052
      },
      {
        "_path": "Library/include/openssl/uierr.h",
        "path_type": "hardlink",
        "sha256": "8defbafd032617179cf057c89a80f2b0e4ea82aac941765493cd02728baa0749",
        "sha256_in_prefix": "8defbafd032617179cf057c89a80f2b0e4ea82aac941765493cd02728baa0749",
        "size_in_bytes": 2669
      },
      {
        "_path": "Library/include/openssl/whrlpool.h",
        "path_type": "hardlink",
        "sha256": "38750722d1737083fa8caedfccd3bce574080e35692010d2f91dd303b154af69",
        "sha256_in_prefix": "38750722d1737083fa8caedfccd3bce574080e35692010d2f91dd303b154af69",
        "size_in_bytes": 1377
      },
      {
        "_path": "Library/include/openssl/x509.h",
        "path_type": "hardlink",
        "sha256": "3827059c07104080cca115b2c54662d1e467edaa8db2bf90ea742e24eb5230d8",
        "sha256_in_prefix": "3827059c07104080cca115b2c54662d1e467edaa8db2bf90ea742e24eb5230d8",
        "size_in_bytes": 43123
      },
      {
        "_path": "Library/include/openssl/x509_vfy.h",
        "path_type": "hardlink",
        "sha256": "08787c2b046a44a253ae7100b627d5a92293a15e46a4037c8fd6ecf2bec35988",
        "sha256_in_prefix": "08787c2b046a44a253ae7100b627d5a92293a15e46a4037c8fd6ecf2bec35988",
        "size_in_bytes": 32179
      },
      {
        "_path": "Library/include/openssl/x509err.h",
        "path_type": "hardlink",
        "sha256": "2da2fdabeaea0938eaa8691e5de0f4254adb89a8d0816903d54a8030c5a0a9c5",
        "sha256_in_prefix": "2da2fdabeaea0938eaa8691e5de0f4254adb89a8d0816903d54a8030c5a0a9c5",
        "size_in_bytes": 6647
      },
      {
        "_path": "Library/include/openssl/x509v3.h",
        "path_type": "hardlink",
        "sha256": "05e7a926419b9f833e38f97d01c80fba5de179faec7563ba3db8ebf0dffb738a",
        "sha256_in_prefix": "05e7a926419b9f833e38f97d01c80fba5de179faec7563ba3db8ebf0dffb738a",
        "size_in_bytes": 33262
      },
      {
        "_path": "Library/include/openssl/x509v3err.h",
        "path_type": "hardlink",
        "sha256": "e87440d599948fe9044a0bb1c0b175a48256ade46c9ec96ea5ec6cf2369a28d1",
        "sha256_in_prefix": "e87440d599948fe9044a0bb1c0b175a48256ade46c9ec96ea5ec6cf2369a28d1",
        "size_in_bytes": 8709
      },
      {
        "_path": "Library/lib/engines-1_1/capi.dll",
        "path_type": "hardlink",
        "sha256": "9e31b84425f3cd2b84530ad2255c727fccad203bbdff7cf4c13d3f4a2d3e7dab",
        "sha256_in_prefix": "9e31b84425f3cd2b84530ad2255c727fccad203bbdff7cf4c13d3f4a2d3e7dab",
        "size_in_bytes": 69120
      },
      {
        "_path": "Library/lib/engines-1_1/capi.pdb",
        "file_mode": "binary",
        "path_type": "hardlink",
        "prefix_placeholder": "C:\\ci\\openssl_1559152325868\\_h_env",
        "sha256": "8cf55ce1c91c4e7132f3907c0d294c438da5ed371e2d7dc74a7303724e701ae4",
        "sha256_in_prefix": "8cf55ce1c91c4e7132f3907c0d294c438da5ed371e2d7dc74a7303724e701ae4",
        "size_in_bytes": 520192
      },
      {
        "_path": "Library/lib/engines-1_1/padlock.dll",
        "path_type": "hardlink",
        "sha256": "a7344e17845cd2e8525eda17b3f8cc5c141f5ba81643ef3c277362a5f6463f91",
        "sha256_in_prefix": "a7344e17845cd2e8525eda17b3f8cc5c141f5ba81643ef3c277362a5f6463f91",
        "size_in_bytes": 39936
      },
      {
        "_path": "Library/lib/engines-1_1/padlock.pdb",
        "file_mode": "binary",
        "path_type": "hardlink",
        "prefix_placeholder": "C:\\ci\\openssl_1559152325868\\_h_env",
        "sha256": "ccd6c4b7797b976e1911778e0184666be554fcf4c1efa615963d9806b4775a69",
        "sha256_in_prefix": "ccd6c4b7797b976e1911778e0184666be554fcf4c1efa615963d9806b4775a69",
        "size_in_bytes": 339968
      },
      {
        "_path": "Library/lib/libcrypto.lib",
        "path_type": "hardlink",
        "sha256": "0246f5dcb8f63be4f0164dbfde87913d01fd0eaaabe93352e8de4153cfb4a0f8",
        "sha256_in_prefix": "0246f5dcb8f63be4f0164dbfde87913d01fd0eaaabe93352e8de4153cfb4a0f8",
        "size_in_bytes": 1008538
      },
      {
        "_path": "Library/lib/libssl.lib",
        "path_type": "hardlink",
        "sha256": "008672820affd2c1ebfead6f373514b0b826bdd4e54adbd46c60df34b5babb2c",
        "sha256_in_prefix": "008672820affd2c1ebfead6f373514b0b826bdd4e54adbd46c60df34b5babb2c",
        "size_in_bytes": 121986
      },
      {
        "_path": "Library/misc/CA.pl",
        "file_mode": "text",
        "path_type": "hardlink",
        "prefix_placeholder": "C:\\ci\\openssl_1559152325868\\_h_env",
        "sha256": "588a2837f754a8af5d5424de444ca5493593deee9b4689fa1892122eaab447e6",
        "sha256_in_prefix": "3d6497918cfcca64bca4fde408f687617f75c9b8627a0a2cfaf430ca3a8f3872",
        "size_in_bytes": 7851
      },
      {
        "_path": "Library/misc/tsget.pl",
        "file_mode": "text",
        "path_type": "hardlink",
        "prefix_placeholder": "C:\\ci\\openssl_1559152325868\\_h_env",
        "sha256": "1eb1dd9bc42179fd3d5ebcede924f44a39ca81b75b6a78c5e41188fac1236ccc",
        "sha256_in_prefix": "6b37e573108eb872db6d26ce25e541c836507ec763305c4fe8243bf134390403",
        "size_in_bytes": 6817
      },
      {
        "_path": "Library/openssl.cnf",
        "path_type": "hardlink",
        "sha256": "f10ba64917b4458fafc1e078c2eb9e6a7602e68fc98c2e9e6df5e1636ae27d6b",
        "sha256_in_prefix": "f10ba64917b4458fafc1e078c2eb9e6a7602e68fc98c2e9e6df5e1636ae27d6b",
        "size_in_bytes": 10909
      },
      {
        "_path": "Library/openssl.cnf.dist",
        "path_type": "hardlink",
        "sha256": "f10ba64917b4458fafc1e078c2eb9e6a7602e68fc98c2e9e6df5e1636ae27d6b",
        "sha256_in_prefix": "f10ba64917b4458fafc1e078c2eb9e6a7602e68fc98c2e9e6df5e1636ae27d6b",
        "size_in_bytes": 10909
      }
    ],
    "paths_version": 1
  },
  "requested_spec": "None",
  "size": 6000289,
  "subdir": "win-64",
  "timestamp": 1559153635513,
  "track_features": "",
  "url": "https://repo.anaconda.com/pkgs/main/win-64/openssl-1.1.1c-he774522_1.tar.bz2",
  "version": "1.1.1c"
}