{
  "build": "h0510ff6_4",
  "build_number": 4,
  "channel": "https://repo.anaconda.com/pkgs/main/win-64",
  "constrains": [],
  "depends": [
    "vs2015_runtime >=14.15.26706"
  ],
  "extracted_package_dir": "C:\\Users\\sulaiman\\Anaconda3\\pkgs\\vc-14.1-h0510ff6_4",
  "features": "",
  "files": [],
  "fn": "vc-14.1-h0510ff6_4.tar.bz2",
  "license": "Modified BSD License (3-clause)",
  "license_family": "BSD",
  "link": {
    "source": "C:\\Users\\sulaiman\\Anaconda3\\pkgs\\vc-14.1-h0510ff6_4",
    "type": 1
  },
  "md5": "00bfe39f46f67409a376939cd2ab5039",
  "name": "vc",
  "package_tarball_full_path": "C:\\Users\\sulaiman\\Anaconda3\\pkgs\\vc-14.1-h0510ff6_4.tar.bz2",
  "paths_data": {
    "paths": [],
    "paths_version": 1
  },
  "requested_spec": "None",
  "size": 6188,
  "subdir": "win-64",
  "timestamp": 1537475644228,
  "track_features": "vc14",
  "url": "https://repo.anaconda.com/pkgs/main/win-64/vc-14.1-h0510ff6_4.tar.bz2",
  "version": "14.1"
}